{"accuracy": [0.41447946429252625, 0.7457283735275269, 0.8889378309249878, 0.9311255812644958, 0.9488285779953003, 0.9576360583305359, 0.9690858125686646, 0.9690858125686646, 0.9732252955436707], "loss": [4.434659957885742, 0.8314584493637085, 0.3488132059574127, 0.2164686620235443, 0.1695728302001953, 0.13882412016391754, 0.09614162892103195, 0.10487407445907593, 0.09077558666467667], "val_accuracy": [0.6267738938331604, 0.7814569473266602, 0.8254494071006775, 0.8287606239318848, 0.807237446308136, 0.8287606239318848, 0.8360927104949951, 0.8294702172279358, 0.8219016194343567], "val_loss": [1.221358060836792, 0.7791503667831421, 0.7266738414764404, 0.6860454678535461, 0.8612022399902344, 0.843414843082428, 0.7611802220344543, 0.7384759783744812, 0.8658059239387512]}