{"accuracy": [0.4742822051048279, 0.7898538112640381, 0.8705301880836487, 0.916417121887207, 0.9357054829597473, 0.9441606402397156, 0.956843376159668, 0.9650343656539917, 0.970142662525177, 0.9675885438919067, 0.9756032824516296, 0.9638893604278564, 0.9713757038116455, 0.9752510190010071, 0.9739298820495605, 0.9736656546592712, 0.9778051972389221, 0.9733133912086487, 0.9837942719459534, 0.9801831841468811, 0.9664435386657715, 0.9849392175674438, 0.984234631061554, 0.9881979823112488, 0.9882860779762268, 0.97859787940979, 0.9716399312019348, 0.985908031463623, 0.9888145327568054, 0.9850273132324219, 0.9846749901771545, 0.9830015897750854, 0.9900475740432739, 0.9812400937080383, 0.986700713634491, 0.9862603545188904, 0.9948916435241699, 0.9906640648841858, 0.9858199954032898, 0.9885503053665161, 0.9874053001403809, 0.9886383414268494, 0.9927778840065002, 0.986788809299469, 0.9931301474571228, 0.9898713827133179, 0.9907521605491638, 0.9904879331588745, 0.9929540157318115, 0.960278332233429, 0.9776290059089661], "loss": [3.246067523956299, 0.6749134659767151, 0.40967097878456116, 0.2608708441257477, 0.19070395827293396, 0.17128320038318634, 0.13838674128055573, 0.1116027683019638, 0.0958317220211029, 0.10696399956941605, 0.07889313995838165, 0.1187075525522232, 0.08573310077190399, 0.08371128886938095, 0.08293549716472626, 0.0880625993013382, 0.0760619267821312, 0.0893789753317833, 0.05124475061893463, 0.0689622163772583, 0.12271013110876083, 0.050425902009010315, 0.05131428316235542, 0.04323286563158035, 0.04008360952138901, 0.07815036922693253, 0.09572421759366989, 0.05190320685505867, 0.0431131012737751, 0.05237545818090439, 0.055897243320941925, 0.06437589228153229, 0.03289521113038063, 0.06958179175853729, 0.0506705716252327, 0.05616286024451256, 0.017042314633727074, 0.032783277332782745, 0.05795317515730858, 0.041523952037096024, 0.04750322923064232, 0.04305248335003853, 0.025214968249201775, 0.053527817130088806, 0.033237431198358536, 0.039294712245464325, 0.03699534758925438, 0.040002670139074326, 0.031087594106793404, 0.2324058562517166, 0.09080199152231216], "val_accuracy": [0.6837748289108276, 0.7436140179634094, 0.811494767665863, 0.8221381306648254, 0.8368022441864014, 0.8614001870155334, 0.8093661069869995, 0.8493377566337585, 0.8150425553321838, 0.8176442980766296, 0.843897819519043, 0.8368022441864014, 0.8561967611312866, 0.8701514005661011, 0.8552507162094116, 0.8353831768035889, 0.8599810600280762, 0.8734626173973083, 0.8673131465911865, 0.8226111531257629, 0.8493377566337585, 0.8656575083732605, 0.8710974454879761, 0.8606906533241272, 0.8389309644699097, 0.8554872274398804, 0.8410596251487732, 0.8297067284584045, 0.8533585667610168, 0.860927164554596, 0.8578523993492126, 0.86944180727005, 0.8263954520225525, 0.8580889105796814, 0.8216651082038879, 0.860927164554596, 0.8666036128997803, 0.8547776937484741, 0.8528855443000793, 0.8569063544273376, 0.8566698431968689, 0.8644749522209167, 0.8467360734939575, 0.8308892846107483, 0.8521759510040283, 0.8557237386703491, 0.8632923364639282, 0.8457899689674377, 0.8474456071853638, 0.8136234879493713, 0.8533585667610168], "val_loss": [1.0181635618209839, 0.8675713539123535, 0.6779093742370605, 0.6737580299377441, 0.7407243251800537, 0.5950709581375122, 0.9561973810195923, 0.7504432201385498, 0.8946384191513062, 0.8050733208656311, 0.9122158288955688, 0.6907333135604858, 0.7274752855300903, 0.6655179262161255, 0.7654049396514893, 0.7489694356918335, 1.0075379610061646, 0.6056311726570129, 0.7855445742607117, 1.0022681951522827, 0.7431027293205261, 0.8260834217071533, 0.8435506820678711, 0.894119918346405, 1.0408718585968018, 0.8799676299095154, 1.0849415063858032, 0.9780434966087341, 0.7845954895019531, 0.9715087413787842, 0.8657490015029907, 0.8353662490844727, 1.2266725301742554, 1.0451879501342773, 1.2310336828231812, 0.8849934339523315, 1.0024365186691284, 0.9026350378990173, 1.1925501823425293, 1.09352445602417, 1.1015329360961914, 0.853139340877533, 1.2507339715957642, 1.4675077199935913, 1.2030284404754639, 0.9846543669700623, 1.1425647735595703, 1.2890706062316895, 1.1431703567504883, 1.2722125053405762, 0.9685222506523132]}